ray_id,initial_intensity,final_intensity,total_path_length,total_optical_depth,interaction_count,terminated_reason
0,1.0,1.0,0.0,0.0,0,detector_hit
1,1.0,0.6548689041135758,5.29150262212918,0.42332020977033435,1,detector_hit
2,1.0,0.5744993814196868,6.928203230275507,0.5542562584220406,1,detector_hit
3,1.0,0.3679497527529082,7.745966692414832,0.9998088915681509,3,detector_hit
4,1.0,0.31663676937905316,8.0,1.15,3,detector_hit
5,1.0,0.3679497527529082,7.745966692414832,0.9998088915681509,3,detector_hit
6,1.0,0.5744993814196868,6.928203230275507,0.5542562584220406,1,detector_hit
7,1.0,0.6548689041135758,5.29150262212918,0.42332020977033435,1,detector_hit
8,1.0,1.0,0.0,0.0,0,detector_hit
