segment_id,ray_id,from_point_id,to_point_id,from_event_index,to_event_index,from_event_type,to_event_type,x0,y0,z0,x1,y1,z1,length,intensity_start,intensity_end,steering_start_deg,steering_end_deg,is_zero_length
0,0,0,1,0,1,emitted,layer_enter,-2.0,-2.0,-8.0,0.0,0.0,0.0,8.48528137423857,1.0,1.0,0.0,0.0,0
1,0,1,2,1,2,layer_enter,layer_exit,0.0,0.0,0.0,0.0,0.0,0.0,0.0,1.0,0.97,0.0,2.0,1
2,0,2,3,2,3,layer_exit,layer_enter,0.0,0.0,0.0,0.5748601789331226,0.5047109962393168,2.0,2.141307407881434,0.97,0.97,2.0,2.0,0
3,0,3,4,3,4,layer_enter,layer_exit,0.5748601789331226,0.5047109962393168,2.0,0.5748601789331226,0.5047109962393168,2.0,0.0,0.97,0.9409,2.0,4.0,1
4,0,4,5,4,5,layer_exit,layer_enter,0.5748601789331226,0.5047109962393168,2.0,1.2260985587490902,1.0148500446049287,4.0,2.164336682684258,0.9409,0.9409,4.0,4.0,0
5,0,5,6,5,6,layer_enter,layer_exit,1.2260985587490902,1.0148500446049287,4.0,1.2260985587490902,1.0148500446049287,4.0,0.0,0.9409,0.912673,4.0,6.0,1
6,0,6,7,6,7,layer_exit,layer_enter,1.2260985587490902,1.0148500446049287,4.0,1.8009587376822127,1.5195610408442453,6.0,2.141307407881434,0.912673,0.912673,6.0,6.0,0
7,0,7,8,7,8,layer_enter,layer_exit,1.8009587376822127,1.5195610408442453,6.0,1.8009587376822127,1.5195610408442453,6.0,0.0,0.912673,0.8852928099999999,6.0,8.0,1
8,0,8,9,8,9,layer_exit,detector_hit,1.8009587376822127,1.5195610408442453,6.0,4.300958737682214,4.019561040844245,16.0,10.606601717798213,0.8852928099999999,0.8852928099999999,8.0,8.0,0
9,1,10,11,0,1,emitted,layer_enter,0.0,-2.0,-8.0,0.0,0.0,0.0,8.246211251235321,1.0,1.0,0.0,0.0,0
10,1,11,12,1,2,layer_enter,layer_exit,0.0,0.0,0.0,0.0,0.0,0.0,0.0,1.0,0.97,0.0,2.0,1
11,1,12,13,2,3,layer_exit,layer_enter,0.0,0.0,0.0,0.06984153898349546,0.5003047721494108,1.9999999999999998,2.0628094205725978,0.97,0.97,2.0,2.0,0
12,1,13,14,3,4,layer_enter,layer_exit,0.06984153898349546,0.5003047721494108,1.9999999999999998,0.06984153898349546,0.5003047721494108,1.9999999999999998,0.0,0.97,0.9409,2.0,4.0,1
13,1,14,15,4,5,layer_exit,layer_enter,0.06984153898349546,0.5003047721494108,1.9999999999999998,0.20969516287051626,1.0015257211899968,4.0,2.066586914666663,0.9409,0.9409,4.0,4.0,0
14,1,15,16,5,6,layer_enter,layer_exit,0.20969516287051626,1.0015257211899968,4.0,0.20969516287051626,1.0015257211899968,4.0,0.0,0.9409,0.912673,4.0,6.0,1
15,1,16,17,6,7,layer_exit,layer_enter,0.20969516287051626,1.0015257211899968,4.0,0.27953670185401175,1.5018304933394075,6.0,2.0628094205725978,0.912673,0.912673,6.0,6.0,0
16,1,17,18,7,8,layer_enter,layer_exit,0.27953670185401175,1.5018304933394075,6.0,0.27953670185401175,1.5018304933394075,6.0,0.0,0.912673,0.8852928099999999,6.0,8.0,1
17,1,18,19,8,9,layer_exit,detector_hit,0.27953670185401175,1.5018304933394075,6.0,0.2795367018540118,4.001830493339407,16.0,10.307764064044152,0.8852928099999999,0.8852928099999999,8.0,8.0,0
18,2,20,21,0,1,emitted,layer_enter,2.0,-2.0,-8.0,0.0,0.0,0.0,8.48528137423857,1.0,1.0,0.0,0.0,0
19,2,21,22,1,2,layer_enter,layer_exit,0.0,0.0,0.0,0.0,0.0,0.0,0.0,1.0,0.97,0.0,2.0,1
20,2,22,23,2,3,layer_exit,layer_enter,0.0,0.0,0.0,-0.42643559622677674,0.49597481658846154,2.0,2.1042429366447317,0.97,0.97,2.0,2.0,0
21,2,23,24,3,4,layer_enter,layer_exit,-0.42643559622677674,0.49597481658846154,2.0,-0.42643559622677674,0.49597481658846154,2.0,0.0,0.97,0.9409,2.0,4.0,1
22,2,24,25,4,5,layer_exit,layer_enter,-0.42643559622677674,0.49597481658846154,2.0,-0.7803941736204558,0.9885841161657561,4.0,2.089964257239963,0.9409,0.9409,4.0,4.0,0
23,2,25,26,5,6,layer_enter,layer_exit,-0.7803941736204558,0.9885841161657561,4.0,-0.7803941736204558,0.9885841161657561,4.0,0.0,0.9409,0.912673,4.0,6.0,1
24,2,26,27,6,7,layer_exit,layer_enter,-0.7803941736204558,0.9885841161657561,4.0,-1.2068297698472326,1.4845589327542177,6.0,2.1042429366447317,0.912673,0.912673,6.0,6.0,0
25,2,27,28,7,8,layer_enter,layer_exit,-1.2068297698472326,1.4845589327542177,6.0,-1.2068297698472326,1.4845589327542177,6.0,0.0,0.912673,0.8852928099999999,6.0,8.0,1
26,2,28,29,8,9,layer_exit,detector_hit,-1.2068297698472326,1.4845589327542177,6.0,-3.7068297698472317,3.9845589327542172,16.0,10.606601717798213,0.8852928099999999,0.8852928099999999,8.0,8.0,0
27,3,30,31,0,1,emitted,layer_enter,-2.0,0.0,-8.0,0.0,0.0,0.0,8.246211251235321,1.0,1.0,0.0,0.0,0
28,3,31,32,1,2,layer_enter,layer_exit,0.0,0.0,0.0,0.0,0.0,0.0,0.0,1.0,0.97,0.0,2.0,1
29,3,32,33,2,3,layer_exit,layer_enter,0.0,0.0,0.0,0.5748601789331226,0.0,2.0,2.080976747905421,0.97,0.97,2.0,2.0,0
30,3,33,34,3,4,layer_enter,layer_exit,0.5748601789331226,0.0,2.0,0.5748601789331226,0.0,2.0,0.0,0.97,0.9409,2.0,4.0,1
31,3,34,35,4,5,layer_exit,layer_enter,0.5748601789331226,0.0,2.0,1.2260985587490905,0.0,4.0,2.1033571801634947,0.9409,0.9409,4.0,4.0,0
32,3,35,36,5,6,layer_enter,layer_exit,1.2260985587490905,0.0,4.0,1.2260985587490905,0.0,4.0,0.0,0.9409,0.912673,4.0,6.0,1
33,3,36,37,6,7,layer_exit,layer_enter,1.2260985587490905,0.0,4.0,1.8009587376822132,0.0,6.0,2.080976747905421,0.912673,0.912673,6.0,6.0,0
34,3,37,38,7,8,layer_enter,layer_exit,1.8009587376822132,0.0,6.0,1.8009587376822132,0.0,6.0,0.0,0.912673,0.8852928099999999,6.0,8.0,1
35,3,38,39,8,9,layer_exit,detector_hit,1.8009587376822132,0.0,6.0,4.300958737682214,0.0,16.0,10.307764064044152,0.8852928099999999,0.8852928099999999,8.0,8.0,0
36,4,40,41,0,1,emitted,layer_enter,0.0,0.0,-8.0,0.0,0.0,0.0,8.0,1.0,1.0,0.0,0.0,0
37,4,41,42,1,2,layer_enter,layer_exit,0.0,0.0,0.0,0.0,0.0,0.0,0.0,1.0,0.97,0.0,2.0,1
38,4,42,43,2,3,layer_exit,layer_enter,0.0,0.0,0.0,0.06984153898349545,0.0,1.9999999999999998,2.0012190885976433,0.97,0.97,2.0,2.0,0
39,4,43,44,3,4,layer_enter,layer_exit,0.06984153898349545,0.0,1.9999999999999998,0.06984153898349545,0.0,1.9999999999999998,0.0,0.97,0.9409,2.0,4.0,1
40,4,44,45,4,5,layer_exit,layer_enter,0.06984153898349545,0.0,1.9999999999999998,0.20969516287051626,0.0,4.0,2.004883796162344,0.9409,0.9409,4.0,4.0,0
41,4,45,46,5,6,layer_enter,layer_exit,0.20969516287051626,0.0,4.0,0.20969516287051626,0.0,4.0,0.0,0.9409,0.912673,4.0,6.0,1
42,4,46,47,6,7,layer_exit,layer_enter,0.20969516287051626,0.0,4.0,0.2795367018540117,0.0,6.0,2.0012190885976437,0.912673,0.912673,6.0,6.0,0
43,4,47,48,7,8,layer_enter,layer_exit,0.2795367018540117,0.0,6.0,0.2795367018540117,0.0,6.0,0.0,0.912673,0.8852928099999999,6.0,8.0,1
44,4,48,49,8,9,layer_exit,detector_hit,0.2795367018540117,0.0,6.0,0.27953670185401175,0.0,16.0,10.0,0.8852928099999999,0.8852928099999999,8.0,8.0,0
45,5,50,51,0,1,emitted,layer_enter,2.0,0.0,-8.0,0.0,0.0,0.0,8.246211251235321,1.0,1.0,0.0,0.0,0
46,5,51,52,1,2,layer_enter,layer_exit,0.0,0.0,0.0,0.0,0.0,0.0,0.0,1.0,0.97,0.0,2.0,1
47,5,52,53,2,3,layer_exit,layer_enter,0.0,0.0,0.0,-0.4264355962267768,0.0,2.0,2.044956556440573,0.97,0.97,2.0,2.0,0
48,5,53,54,3,4,layer_enter,layer_exit,-0.4264355962267768,0.0,2.0,-0.4264355962267768,0.0,2.0,0.0,0.97,0.9409,2.0,4.0,1
49,5,54,55,4,5,layer_exit,layer_enter,-0.4264355962267768,0.0,2.0,-0.780394173620456,0.0,4.0,2.031080174318719,0.9409,0.9409,4.0,4.0,0
50,5,55,56,5,6,layer_enter,layer_exit,-0.780394173620456,0.0,4.0,-0.780394173620456,0.0,4.0,0.0,0.9409,0.912673,4.0,6.0,1
51,5,56,57,6,7,layer_exit,layer_enter,-0.780394173620456,0.0,4.0,-1.2068297698472328,0.0,6.0,2.044956556440573,0.912673,0.912673,6.0,6.0,0
52,5,57,58,7,8,layer_enter,layer_exit,-1.2068297698472328,0.0,6.0,-1.2068297698472328,0.0,6.0,0.0,0.912673,0.8852928099999999,6.0,8.0,1
53,5,58,59,8,9,layer_exit,detector_hit,-1.2068297698472328,0.0,6.0,-3.706829769847233,0.0,16.0,10.307764064044152,0.8852928099999999,0.8852928099999999,8.0,8.0,0
54,6,60,61,0,1,emitted,layer_enter,-2.0,2.0,-8.0,0.0,0.0,0.0,8.48528137423857,1.0,1.0,0.0,0.0,0
55,6,61,62,1,2,layer_enter,layer_exit,0.0,0.0,0.0,0.0,0.0,0.0,0.0,1.0,0.97,0.0,2.0,1
56,6,62,63,2,3,layer_exit,layer_enter,0.0,0.0,0.0,0.5748601789331226,-0.5047109962393168,2.0,2.141307407881434,0.97,0.97,2.0,2.0,0
57,6,63,64,3,4,layer_enter,layer_exit,0.5748601789331226,-0.5047109962393168,2.0,0.5748601789331226,-0.5047109962393168,2.0,0.0,0.97,0.9409,2.0,4.0,1
58,6,64,65,4,5,layer_exit,layer_enter,0.5748601789331226,-0.5047109962393168,2.0,1.2260985587490902,-1.0148500446049287,4.0,2.164336682684258,0.9409,0.9409,4.0,4.0,0
59,6,65,66,5,6,layer_enter,layer_exit,1.2260985587490902,-1.0148500446049287,4.0,1.2260985587490902,-1.0148500446049287,4.0,0.0,0.9409,0.912673,4.0,6.0,1
60,6,66,67,6,7,layer_exit,layer_enter,1.2260985587490902,-1.0148500446049287,4.0,1.8009587376822127,-1.5195610408442453,6.0,2.141307407881434,0.912673,0.912673,6.0,6.0,0
61,6,67,68,7,8,layer_enter,layer_exit,1.8009587376822127,-1.5195610408442453,6.0,1.8009587376822127,-1.5195610408442453,6.0,0.0,0.912673,0.8852928099999999,6.0,8.0,1
62,6,68,69,8,9,layer_exit,detector_hit,1.8009587376822127,-1.5195610408442453,6.0,4.300958737682214,-4.019561040844245,16.0,10.606601717798213,0.8852928099999999,0.8852928099999999,8.0,8.0,0
63,7,70,71,0,1,emitted,layer_enter,0.0,2.0,-8.0,0.0,0.0,0.0,8.246211251235321,1.0,1.0,0.0,0.0,0
64,7,71,72,1,2,layer_enter,layer_exit,0.0,0.0,0.0,0.0,0.0,0.0,0.0,1.0,0.97,0.0,2.0,1
65,7,72,73,2,3,layer_exit,layer_enter,0.0,0.0,0.0,0.06984153898349546,-0.5003047721494108,1.9999999999999998,2.0628094205725978,0.97,0.97,2.0,2.0,0
66,7,73,74,3,4,layer_enter,layer_exit,0.06984153898349546,-0.5003047721494108,1.9999999999999998,0.06984153898349546,-0.5003047721494108,1.9999999999999998,0.0,0.97,0.9409,2.0,4.0,1
67,7,74,75,4,5,layer_exit,layer_enter,0.06984153898349546,-0.5003047721494108,1.9999999999999998,0.20969516287051626,-1.0015257211899968,4.0,2.066586914666663,0.9409,0.9409,4.0,4.0,0
68,7,75,76,5,6,layer_enter,layer_exit,0.20969516287051626,-1.0015257211899968,4.0,0.20969516287051626,-1.0015257211899968,4.0,0.0,0.9409,0.912673,4.0,6.0,1
69,7,76,77,6,7,layer_exit,layer_enter,0.20969516287051626,-1.0015257211899968,4.0,0.27953670185401175,-1.5018304933394075,6.0,2.0628094205725978,0.912673,0.912673,6.0,6.0,0
70,7,77,78,7,8,layer_enter,layer_exit,0.27953670185401175,-1.5018304933394075,6.0,0.27953670185401175,-1.5018304933394075,6.0,0.0,0.912673,0.8852928099999999,6.0,8.0,1
71,7,78,79,8,9,layer_exit,detector_hit,0.27953670185401175,-1.5018304933394075,6.0,0.2795367018540118,-4.001830493339407,16.0,10.307764064044152,0.8852928099999999,0.8852928099999999,8.0,8.0,0
72,8,80,81,0,1,emitted,layer_enter,2.0,2.0,-8.0,0.0,0.0,0.0,8.48528137423857,1.0,1.0,0.0,0.0,0
73,8,81,82,1,2,layer_enter,layer_exit,0.0,0.0,0.0,0.0,0.0,0.0,0.0,1.0,0.97,0.0,2.0,1
74,8,82,83,2,3,layer_exit,layer_enter,0.0,0.0,0.0,-0.42643559622677674,-0.49597481658846154,2.0,2.1042429366447317,0.97,0.97,2.0,2.0,0
75,8,83,84,3,4,layer_enter,layer_exit,-0.42643559622677674,-0.49597481658846154,2.0,-0.42643559622677674,-0.49597481658846154,2.0,0.0,0.97,0.9409,2.0,4.0,1
76,8,84,85,4,5,layer_exit,layer_enter,-0.42643559622677674,-0.49597481658846154,2.0,-0.7803941736204558,-0.9885841161657561,4.0,2.089964257239963,0.9409,0.9409,4.0,4.0,0
77,8,85,86,5,6,layer_enter,layer_exit,-0.7803941736204558,-0.9885841161657561,4.0,-0.7803941736204558,-0.9885841161657561,4.0,0.0,0.9409,0.912673,4.0,6.0,1
78,8,86,87,6,7,layer_exit,layer_enter,-0.7803941736204558,-0.9885841161657561,4.0,-1.2068297698472326,-1.4845589327542177,6.0,2.1042429366447317,0.912673,0.912673,6.0,6.0,0
79,8,87,88,7,8,layer_enter,layer_exit,-1.2068297698472326,-1.4845589327542177,6.0,-1.2068297698472326,-1.4845589327542177,6.0,0.0,0.912673,0.8852928099999999,6.0,8.0,1
80,8,88,89,8,9,layer_exit,detector_hit,-1.2068297698472326,-1.4845589327542177,6.0,-3.7068297698472317,-3.9845589327542172,16.0,10.606601717798213,0.8852928099999999,0.8852928099999999,8.0,8.0,0
