point_id,ray_id,event_index,event_type,state_code,layer_index,x,y,z,dir_x,dir_y,dir_z,direction_magnitude,energy_kev,intensity,cumulative_distance,cumulative_steering_deg,is_terminal
0,0,0,emitted,0,-1,-2.0,-2.0,-8.0,0.23570226039551587,0.23570226039551587,0.9428090415820635,1.0,60.0,1.0,0.0,0.0,0
1,0,1,layer_enter,1,0,0.0,0.0,0.0,0.23570226039551587,0.23570226039551587,0.9428090415820635,1.0,60.0,1.0,8.48528137423857,0.0,0
2,0,2,layer_exit,2,0,0.0,0.0,0.0,0.2684622379847262,0.23570226039551587,0.9340088175283341,1.0,60.0,0.97,8.48528137423857,2.0,0
3,0,3,layer_enter,1,1,0.5748601789331226,0.5047109962393168,2.0,0.2684622379847262,0.23570226039551587,0.9340088175283341,1.0,60.0,0.97,10.626588782120002,2.0,0
4,0,4,layer_exit,2,1,0.5748601789331226,0.5047109962393168,2.0,0.30089513569038967,0.2357022603955158,0.9240706476034753,0.9999999999999999,60.0,0.9409,10.626588782120002,4.0,0
5,0,5,layer_enter,1,2,1.2260985587490902,1.0148500446049287,4.0,0.30089513569038967,0.2357022603955158,0.9240706476034753,0.9999999999999999,60.0,0.9409,12.79092546480426,4.0,0
6,0,6,layer_exit,2,2,1.2260985587490902,1.0148500446049287,4.0,0.26846223798472624,0.23570226039551587,0.9340088175283342,1.0000000000000002,60.0,0.912673,12.79092546480426,6.0,0
7,0,7,layer_enter,1,3,1.8009587376822127,1.5195610408442453,6.0,0.26846223798472624,0.23570226039551587,0.9340088175283342,1.0000000000000002,60.0,0.912673,14.932232872685693,6.0,0
8,0,8,layer_exit,2,3,1.8009587376822127,1.5195610408442453,6.0,0.2357022603955159,0.2357022603955158,0.9428090415820634,1.0,60.0,0.8852928099999999,14.932232872685693,8.0,0
9,0,9,detector_hit,3,-1,4.300958737682214,4.019561040844245,16.0,0.2357022603955159,0.2357022603955158,0.9428090415820634,1.0,60.0,0.8852928099999999,25.53883459048391,8.0,1
10,1,0,emitted,0,-1,0.0,-2.0,-8.0,0.0,0.24253562503633297,0.9701425001453319,1.0,60.0,1.0,0.0,0.0,0
11,1,1,layer_enter,1,0,0.0,0.0,0.0,0.0,0.24253562503633297,0.9701425001453319,1.0,60.0,1.0,8.246211251235321,0.0,0
12,1,2,layer_exit,2,0,0.0,0.0,0.0,0.03385748498477806,0.24253562503633297,0.9695515155466164,1.0,60.0,0.97,8.246211251235321,2.0,0
13,1,3,layer_enter,1,1,0.06984153898349546,0.5003047721494108,1.9999999999999998,0.03385748498477806,0.24253562503633297,0.9695515155466164,1.0,60.0,0.97,10.309020671807918,2.0,0
14,1,4,layer_exit,2,1,0.06984153898349546,0.5003047721494108,1.9999999999999998,0.06767371983944792,0.24253562503633297,0.9677792817741695,1.0,60.0,0.9409,10.309020671807918,4.0,0
15,1,5,layer_enter,1,2,0.20969516287051626,1.0015257211899968,4.0,0.06767371983944792,0.24253562503633297,0.9677792817741695,1.0,60.0,0.9409,12.375607586474581,4.0,0
16,1,6,layer_exit,2,2,0.20969516287051626,1.0015257211899968,4.0,0.033857484984778065,0.24253562503633297,0.9695515155466166,1.0,60.0,0.912673,12.375607586474581,6.0,0
17,1,7,layer_enter,1,3,0.27953670185401175,1.5018304933394075,6.0,0.033857484984778065,0.24253562503633297,0.9695515155466166,1.0,60.0,0.912673,14.438417007047178,6.0,0
18,1,8,layer_exit,2,3,0.27953670185401175,1.5018304933394075,6.0,6.938893903907228e-18,0.24253562503633297,0.970142500145332,1.0,60.0,0.8852928099999999,14.438417007047178,8.0,0
19,1,9,detector_hit,3,-1,0.2795367018540118,4.001830493339407,16.0,6.938893903907228e-18,0.24253562503633297,0.970142500145332,1.0,60.0,0.8852928099999999,24.74618107109133,8.0,1
20,2,0,emitted,0,-1,2.0,-2.0,-8.0,-0.23570226039551587,0.23570226039551587,0.9428090415820635,1.0,60.0,1.0,0.0,0.0,0
21,2,1,layer_enter,1,0,0.0,0.0,0.0,-0.23570226039551587,0.23570226039551587,0.9428090415820635,1.0,60.0,1.0,8.48528137423857,0.0,0
22,2,2,layer_exit,2,0,0.0,0.0,0.0,-0.20265511590916352,0.23570226039551587,0.9504605980472247,1.0,60.0,0.97,8.48528137423857,2.0,0
23,2,3,layer_enter,1,1,-0.42643559622677674,0.49597481658846154,2.0,-0.20265511590916352,0.23570226039551587,0.9504605980472247,1.0,60.0,0.97,10.589524310883302,2.0,0
24,2,4,layer_exit,2,1,-0.42643559622677674,0.49597481658846154,2.0,-0.16936106738070342,0.23570226039551587,0.9569541646808971,1.0,60.0,0.9409,10.589524310883302,4.0,0
25,2,5,layer_enter,1,2,-0.7803941736204558,0.9885841161657561,4.0,-0.16936106738070342,0.23570226039551587,0.9569541646808971,1.0,60.0,0.9409,12.679488568123265,4.0,0
26,2,6,layer_exit,2,2,-0.7803941736204558,0.9885841161657561,4.0,-0.20265511590916346,0.2357022603955158,0.9504605980472246,0.9999999999999999,60.0,0.912673,12.679488568123265,6.0,0
27,2,7,layer_enter,1,3,-1.2068297698472326,1.4845589327542177,6.0,-0.20265511590916346,0.2357022603955158,0.9504605980472246,0.9999999999999999,60.0,0.912673,14.783731504767996,6.0,0
28,2,8,layer_exit,2,3,-1.2068297698472326,1.4845589327542177,6.0,-0.23570226039551584,0.23570226039551587,0.9428090415820636,1.0000000000000002,60.0,0.8852928099999999,14.783731504767996,8.0,0
29,2,9,detector_hit,3,-1,-3.7068297698472317,3.9845589327542172,16.0,-0.23570226039551584,0.23570226039551587,0.9428090415820636,1.0000000000000002,60.0,0.8852928099999999,25.390333222566206,8.0,1
30,3,0,emitted,0,-1,-2.0,0.0,-8.0,0.24253562503633297,0.0,0.9701425001453319,1.0,60.0,1.0,0.0,0.0,0
31,3,1,layer_enter,1,0,0.0,0.0,0.0,0.24253562503633297,0.0,0.9701425001453319,1.0,60.0,1.0,8.246211251235321,0.0,0
32,3,2,layer_exit,2,0,0.0,0.0,0.0,0.27624536387143217,0.0,0.961087144300422,1.0,60.0,0.97,8.246211251235321,2.0,0
33,3,3,layer_enter,1,1,0.5748601789331226,0.0,2.0,0.27624536387143217,0.0,0.961087144300422,1.0,60.0,0.97,10.327187999140742,2.0,0
34,3,4,layer_exit,2,1,0.5748601789331226,0.0,2.0,0.3096185402829903,0.0,0.9508608518143075,1.0,60.0,0.9409,10.327187999140742,4.0,0
35,3,5,layer_enter,1,2,1.2260985587490905,0.0,4.0,0.3096185402829903,0.0,0.9508608518143075,1.0,60.0,0.9409,12.430545179304236,4.0,0
36,3,6,layer_exit,2,2,1.2260985587490905,0.0,4.0,0.2762453638714322,0.0,0.9610871443004221,1.0,60.0,0.912673,12.430545179304236,6.0,0
37,3,7,layer_enter,1,3,1.8009587376822132,0.0,6.0,0.2762453638714322,0.0,0.9610871443004221,1.0,60.0,0.912673,14.511521927209657,6.0,0
38,3,8,layer_exit,2,3,1.8009587376822132,0.0,6.0,0.24253562503633297,0.0,0.9701425001453319,1.0,60.0,0.8852928099999999,14.511521927209657,8.0,0
39,3,9,detector_hit,3,-1,4.300958737682214,0.0,16.0,0.24253562503633297,0.0,0.9701425001453319,1.0,60.0,0.8852928099999999,24.819285991253807,8.0,1
40,4,0,emitted,0,-1,0.0,0.0,-8.0,0.0,0.0,1.0,1.0,60.0,1.0,0.0,0.0,0
41,4,1,layer_enter,1,0,0.0,0.0,0.0,0.0,0.0,1.0,1.0,60.0,1.0,8.0,0.0,0
42,4,2,layer_exit,2,0,0.0,0.0,0.0,0.03489949670250097,0.0,0.9993908270190958,1.0,60.0,0.97,8.0,2.0,0
43,4,3,layer_enter,1,1,0.06984153898349545,0.0,1.9999999999999998,0.03489949670250097,0.0,0.9993908270190958,1.0,60.0,0.97,10.001219088597644,2.0,0
44,4,4,layer_exit,2,1,0.06984153898349545,0.0,1.9999999999999998,0.0697564737441253,0.0,0.9975640502598243,1.0,60.0,0.9409,10.001219088597644,4.0,0
45,4,5,layer_enter,1,2,0.20969516287051626,0.0,4.0,0.0697564737441253,0.0,0.9975640502598243,1.0,60.0,0.9409,12.006102884759988,4.0,0
46,4,6,layer_exit,2,2,0.20969516287051626,0.0,4.0,0.034899496702500976,0.0,0.9993908270190958,1.0,60.0,0.912673,12.006102884759988,6.0,0
47,4,7,layer_enter,1,3,0.2795367018540117,0.0,6.0,0.034899496702500976,0.0,0.9993908270190958,1.0,60.0,0.912673,14.007321973357632,6.0,0
48,4,8,layer_exit,2,3,0.2795367018540117,0.0,6.0,6.938893903907228e-18,0.0,1.0,1.0,60.0,0.8852928099999999,14.007321973357632,8.0,0
49,4,9,detector_hit,3,-1,0.27953670185401175,0.0,16.0,6.938893903907228e-18,0.0,1.0,1.0,60.0,0.8852928099999999,24.007321973357634,8.0,1
50,5,0,emitted,0,-1,2.0,0.0,-8.0,-0.24253562503633297,0.0,0.9701425001453319,1.0,60.0,1.0,0.0,0.0,0
51,5,1,layer_enter,1,0,0.0,0.0,0.0,-0.24253562503633297,0.0,0.9701425001453319,1.0,60.0,1.0,8.246211251235321,0.0,0
52,5,2,layer_exit,2,0,0.0,0.0,0.0,-0.2085303939018761,0.0,0.9780158867928112,1.0000000000000002,60.0,0.97,8.246211251235321,2.0,0
53,5,3,layer_enter,1,1,-0.4264355962267768,0.0,2.0,-0.2085303939018761,0.0,0.9780158867928112,1.0000000000000002,60.0,0.97,10.291167807675894,2.0,0
54,5,4,layer_exit,2,1,-0.4264355962267768,0.0,2.0,-0.17427110060409448,0.0,0.9846977117340314,1.0,60.0,0.9409,10.291167807675894,4.0,0
55,5,5,layer_enter,1,2,-0.780394173620456,0.0,4.0,-0.17427110060409448,0.0,0.9846977117340314,1.0,60.0,0.9409,12.322247981994613,4.0,0
56,5,6,layer_exit,2,2,-0.780394173620456,0.0,4.0,-0.2085303939018761,0.0,0.978015886792811,1.0,60.0,0.912673,12.322247981994613,6.0,0
57,5,7,layer_enter,1,3,-1.2068297698472328,0.0,6.0,-0.2085303939018761,0.0,0.978015886792811,1.0,60.0,0.912673,14.367204538435185,6.0,0
58,5,8,layer_exit,2,3,-1.2068297698472328,0.0,6.0,-0.24253562503633302,0.0,0.970142500145332,1.0,60.0,0.8852928099999999,14.367204538435185,8.0,0
59,5,9,detector_hit,3,-1,-3.706829769847233,0.0,16.0,-0.24253562503633302,0.0,0.970142500145332,1.0,60.0,0.8852928099999999,24.674968602479336,8.0,1
60,6,0,emitted,0,-1,-2.0,2.0,-8.0,0.23570226039551587,-0.23570226039551587,0.9428090415820635,1.0,60.0,1.0,0.0,0.0,0
61,6,1,layer_enter,1,0,0.0,0.0,0.0,0.23570226039551587,-0.23570226039551587,0.9428090415820635,1.0,60.0,1.0,8.48528137423857,0.0,0
62,6,2,layer_exit,2,0,0.0,0.0,0.0,0.2684622379847262,-0.23570226039551587,0.9340088175283341,1.0,60.0,0.97,8.48528137423857,2.0,0
63,6,3,layer_enter,1,1,0.5748601789331226,-0.5047109962393168,2.0,0.2684622379847262,-0.23570226039551587,0.9340088175283341,1.0,60.0,0.97,10.626588782120002,2.0,0
64,6,4,layer_exit,2,1,0.5748601789331226,-0.5047109962393168,2.0,0.30089513569038967,-0.2357022603955158,0.9240706476034753,0.9999999999999999,60.0,0.9409,10.626588782120002,4.0,0
65,6,5,layer_enter,1,2,1.2260985587490902,-1.0148500446049287,4.0,0.30089513569038967,-0.2357022603955158,0.9240706476034753,0.9999999999999999,60.0,0.9409,12.79092546480426,4.0,0
66,6,6,layer_exit,2,2,1.2260985587490902,-1.0148500446049287,4.0,0.26846223798472624,-0.23570226039551587,0.9340088175283342,1.0000000000000002,60.0,0.912673,12.79092546480426,6.0,0
67,6,7,layer_enter,1,3,1.8009587376822127,-1.5195610408442453,6.0,0.26846223798472624,-0.23570226039551587,0.9340088175283342,1.0000000000000002,60.0,0.912673,14.932232872685693,6.0,0
68,6,8,layer_exit,2,3,1.8009587376822127,-1.5195610408442453,6.0,0.2357022603955159,-0.2357022603955158,0.9428090415820634,1.0,60.0,0.8852928099999999,14.932232872685693,8.0,0
69,6,9,detector_hit,3,-1,4.300958737682214,-4.019561040844245,16.0,0.2357022603955159,-0.2357022603955158,0.9428090415820634,1.0,60.0,0.8852928099999999,25.53883459048391,8.0,1
70,7,0,emitted,0,-1,0.0,2.0,-8.0,0.0,-0.24253562503633297,0.9701425001453319,1.0,60.0,1.0,0.0,0.0,0
71,7,1,layer_enter,1,0,0.0,0.0,0.0,0.0,-0.24253562503633297,0.9701425001453319,1.0,60.0,1.0,8.246211251235321,0.0,0
72,7,2,layer_exit,2,0,0.0,0.0,0.0,0.03385748498477806,-0.24253562503633297,0.9695515155466164,1.0,60.0,0.97,8.246211251235321,2.0,0
73,7,3,layer_enter,1,1,0.06984153898349546,-0.5003047721494108,1.9999999999999998,0.03385748498477806,-0.24253562503633297,0.9695515155466164,1.0,60.0,0.97,10.309020671807918,2.0,0
74,7,4,layer_exit,2,1,0.06984153898349546,-0.5003047721494108,1.9999999999999998,0.06767371983944792,-0.24253562503633297,0.9677792817741695,1.0,60.0,0.9409,10.309020671807918,4.0,0
75,7,5,layer_enter,1,2,0.20969516287051626,-1.0015257211899968,4.0,0.06767371983944792,-0.24253562503633297,0.9677792817741695,1.0,60.0,0.9409,12.375607586474581,4.0,0
76,7,6,layer_exit,2,2,0.20969516287051626,-1.0015257211899968,4.0,0.033857484984778065,-0.24253562503633297,0.9695515155466166,1.0,60.0,0.912673,12.375607586474581,6.0,0
77,7,7,layer_enter,1,3,0.27953670185401175,-1.5018304933394075,6.0,0.033857484984778065,-0.24253562503633297,0.9695515155466166,1.0,60.0,0.912673,14.438417007047178,6.0,0
78,7,8,layer_exit,2,3,0.27953670185401175,-1.5018304933394075,6.0,6.938893903907228e-18,-0.24253562503633297,0.970142500145332,1.0,60.0,0.8852928099999999,14.438417007047178,8.0,0
79,7,9,detector_hit,3,-1,0.2795367018540118,-4.001830493339407,16.0,6.938893903907228e-18,-0.24253562503633297,0.970142500145332,1.0,60.0,0.8852928099999999,24.74618107109133,8.0,1
80,8,0,emitted,0,-1,2.0,2.0,-8.0,-0.23570226039551587,-0.23570226039551587,0.9428090415820635,1.0,60.0,1.0,0.0,0.0,0
81,8,1,layer_enter,1,0,0.0,0.0,0.0,-0.23570226039551587,-0.23570226039551587,0.9428090415820635,1.0,60.0,1.0,8.48528137423857,0.0,0
82,8,2,layer_exit,2,0,0.0,0.0,0.0,-0.20265511590916352,-0.23570226039551587,0.9504605980472247,1.0,60.0,0.97,8.48528137423857,2.0,0
83,8,3,layer_enter,1,1,-0.42643559622677674,-0.49597481658846154,2.0,-0.20265511590916352,-0.23570226039551587,0.9504605980472247,1.0,60.0,0.97,10.589524310883302,2.0,0
84,8,4,layer_exit,2,1,-0.42643559622677674,-0.49597481658846154,2.0,-0.16936106738070342,-0.23570226039551587,0.9569541646808971,1.0,60.0,0.9409,10.589524310883302,4.0,0
85,8,5,layer_enter,1,2,-0.7803941736204558,-0.9885841161657561,4.0,-0.16936106738070342,-0.23570226039551587,0.9569541646808971,1.0,60.0,0.9409,12.679488568123265,4.0,0
86,8,6,layer_exit,2,2,-0.7803941736204558,-0.9885841161657561,4.0,-0.20265511590916346,-0.2357022603955158,0.9504605980472246,0.9999999999999999,60.0,0.912673,12.679488568123265,6.0,0
87,8,7,layer_enter,1,3,-1.2068297698472326,-1.4845589327542177,6.0,-0.20265511590916346,-0.2357022603955158,0.9504605980472246,0.9999999999999999,60.0,0.912673,14.783731504767996,6.0,0
88,8,8,layer_exit,2,3,-1.2068297698472326,-1.4845589327542177,6.0,-0.23570226039551584,-0.23570226039551587,0.9428090415820636,1.0000000000000002,60.0,0.8852928099999999,14.783731504767996,8.0,0
89,8,9,detector_hit,3,-1,-3.7068297698472317,-3.9845589327542172,16.0,-0.23570226039551584,-0.23570226039551587,0.9428090415820636,1.0000000000000002,60.0,0.8852928099999999,25.390333222566206,8.0,1
