ray_id,interaction_index,phantom_id,material_id,entry_x,entry_y,entry_z,exit_x,exit_y,exit_z,path_length,mu,optical_depth,intensity_before,intensity_after
0,0,slab,uniform_slab,-4.0,0.0,0.0,-4.0,0.0,4.0,4.0,0.12,0.48,1.0,0.6187833918061408
1,0,slab,uniform_slab,-3.0,0.0,0.0,-3.0,0.0,4.0,4.0,0.12,0.48,1.0,0.6187833918061408
2,0,slab,uniform_slab,-2.0,0.0,0.0,-2.0,0.0,4.0,4.0,0.12,0.48,1.0,0.6187833918061408
3,0,slab,uniform_slab,-1.0,0.0,0.0,-1.0,0.0,4.0,4.0,0.12,0.48,1.0,0.6187833918061408
4,0,slab,uniform_slab,0.0,0.0,0.0,0.0,0.0,4.0,4.0,0.12,0.48,1.0,0.6187833918061408
5,0,slab,uniform_slab,1.0,0.0,0.0,1.0,0.0,4.0,4.0,0.12,0.48,1.0,0.6187833918061408
6,0,slab,uniform_slab,2.0,0.0,0.0,2.0,0.0,4.0,4.0,0.12,0.48,1.0,0.6187833918061408
7,0,slab,uniform_slab,3.0,0.0,0.0,3.0,0.0,4.0,4.0,0.12,0.48,1.0,0.6187833918061408
8,0,slab,uniform_slab,4.0,0.0,0.0,4.0,0.0,4.0,4.0,0.12,0.48,1.0,0.6187833918061408
