sphere_id,layer_index,ring_index,x,y,z,sphere_radius,ring_radius,azimuth_deg,steering_angle_deg
0,0,0,20.0,0.0,0.0,1.0,20.0,0.0,0.0
1,0,1,19.318516525781366,5.176380902050415,0.0,1.0,20.0,14.999999999999998,0.0
2,0,2,17.320508075688775,9.999999999999998,0.0,1.0,20.0,29.999999999999996,0.0
3,0,3,14.142135623730951,14.14213562373095,0.0,1.0,20.0,45.0,0.0
4,0,4,10.000000000000002,17.32050807568877,0.0,1.0,20.0,59.99999999999999,0.0
5,0,5,5.176380902050415,19.318516525781366,0.0,1.0,20.0,75.0,0.0
6,0,6,1.2246467991473533e-15,20.0,0.0,1.0,20.0,90.0,0.0
7,0,7,-5.176380902050413,19.318516525781366,0.0,1.0,20.0,105.0,0.0
8,0,8,-9.999999999999996,17.320508075688775,0.0,1.0,20.0,119.99999999999999,0.0
9,0,9,-14.14213562373095,14.142135623730951,0.0,1.0,20.0,135.0,0.0
10,0,10,-17.320508075688775,9.999999999999998,0.0,1.0,20.0,150.0,0.0
11,0,11,-19.318516525781362,5.17638090205042,0.0,1.0,20.0,165.0,0.0
12,0,12,-20.0,2.4492935982947065e-15,0.0,1.0,20.0,180.0,0.0
13,0,13,-19.318516525781366,-5.176380902050416,0.0,1.0,20.0,195.0,0.0
14,0,14,-17.320508075688778,-9.999999999999995,0.0,1.0,20.0,210.0,0.0
15,0,15,-14.142135623730958,-14.142135623730942,0.0,1.0,20.0,224.99999999999997,0.0
16,0,16,-10.000000000000009,-17.320508075688767,0.0,1.0,20.0,239.99999999999997,0.0
17,0,17,-5.176380902050413,-19.318516525781366,0.0,1.0,20.0,255.00000000000003,0.0
18,0,18,-3.673940397442059e-15,-20.0,0.0,1.0,20.0,270.0,0.0
19,0,19,5.176380902050406,-19.31851652578137,0.0,1.0,20.0,285.0,0.0
20,0,20,10.000000000000002,-17.32050807568877,0.0,1.0,20.0,300.0,0.0
21,0,21,14.142135623730947,-14.142135623730955,0.0,1.0,20.0,315.0,0.0
22,0,22,17.320508075688767,-10.000000000000009,0.0,1.0,20.0,330.0,0.0
23,0,23,19.318516525781362,-5.176380902050432,0.0,1.0,20.0,344.99999999999994,0.0
24,1,0,20.0,0.0,2.5,1.0,20.0,0.0,4.0
25,1,1,19.318516525781366,5.176380902050415,2.5,1.0,20.0,14.999999999999998,4.0
26,1,2,17.320508075688775,9.999999999999998,2.5,1.0,20.0,29.999999999999996,4.0
27,1,3,14.142135623730951,14.14213562373095,2.5,1.0,20.0,45.0,4.0
28,1,4,10.000000000000002,17.32050807568877,2.5,1.0,20.0,59.99999999999999,4.0
29,1,5,5.176380902050415,19.318516525781366,2.5,1.0,20.0,75.0,4.0
30,1,6,1.2246467991473533e-15,20.0,2.5,1.0,20.0,90.0,4.0
31,1,7,-5.176380902050413,19.318516525781366,2.5,1.0,20.0,105.0,4.0
32,1,8,-9.999999999999996,17.320508075688775,2.5,1.0,20.0,119.99999999999999,4.0
33,1,9,-14.14213562373095,14.142135623730951,2.5,1.0,20.0,135.0,4.0
34,1,10,-17.320508075688775,9.999999999999998,2.5,1.0,20.0,150.0,4.0
35,1,11,-19.318516525781362,5.17638090205042,2.5,1.0,20.0,165.0,4.0
36,1,12,-20.0,2.4492935982947065e-15,2.5,1.0,20.0,180.0,4.0
37,1,13,-19.318516525781366,-5.176380902050416,2.5,1.0,20.0,195.0,4.0
38,1,14,-17.320508075688778,-9.999999999999995,2.5,1.0,20.0,210.0,4.0
39,1,15,-14.142135623730958,-14.142135623730942,2.5,1.0,20.0,224.99999999999997,4.0
40,1,16,-10.000000000000009,-17.320508075688767,2.5,1.0,20.0,239.99999999999997,4.0
41,1,17,-5.176380902050413,-19.318516525781366,2.5,1.0,20.0,255.00000000000003,4.0
42,1,18,-3.673940397442059e-15,-20.0,2.5,1.0,20.0,270.0,4.0
43,1,19,5.176380902050406,-19.31851652578137,2.5,1.0,20.0,285.0,4.0
44,1,20,10.000000000000002,-17.32050807568877,2.5,1.0,20.0,300.0,4.0
45,1,21,14.142135623730947,-14.142135623730955,2.5,1.0,20.0,315.0,4.0
46,1,22,17.320508075688767,-10.000000000000009,2.5,1.0,20.0,330.0,4.0
47,1,23,19.318516525781362,-5.176380902050432,2.5,1.0,20.0,344.99999999999994,4.0
48,2,0,20.0,0.0,5.0,1.0,20.0,0.0,8.0
49,2,1,19.318516525781366,5.176380902050415,5.0,1.0,20.0,14.999999999999998,8.0
50,2,2,17.320508075688775,9.999999999999998,5.0,1.0,20.0,29.999999999999996,8.0
51,2,3,14.142135623730951,14.14213562373095,5.0,1.0,20.0,45.0,8.0
52,2,4,10.000000000000002,17.32050807568877,5.0,1.0,20.0,59.99999999999999,8.0
53,2,5,5.176380902050415,19.318516525781366,5.0,1.0,20.0,75.0,8.0
54,2,6,1.2246467991473533e-15,20.0,5.0,1.0,20.0,90.0,8.0
55,2,7,-5.176380902050413,19.318516525781366,5.0,1.0,20.0,105.0,8.0
56,2,8,-9.999999999999996,17.320508075688775,5.0,1.0,20.0,119.99999999999999,8.0
57,2,9,-14.14213562373095,14.142135623730951,5.0,1.0,20.0,135.0,8.0
58,2,10,-17.320508075688775,9.999999999999998,5.0,1.0,20.0,150.0,8.0
59,2,11,-19.318516525781362,5.17638090205042,5.0,1.0,20.0,165.0,8.0
60,2,12,-20.0,2.4492935982947065e-15,5.0,1.0,20.0,180.0,8.0
61,2,13,-19.318516525781366,-5.176380902050416,5.0,1.0,20.0,195.0,8.0
62,2,14,-17.320508075688778,-9.999999999999995,5.0,1.0,20.0,210.0,8.0
63,2,15,-14.142135623730958,-14.142135623730942,5.0,1.0,20.0,224.99999999999997,8.0
64,2,16,-10.000000000000009,-17.320508075688767,5.0,1.0,20.0,239.99999999999997,8.0
65,2,17,-5.176380902050413,-19.318516525781366,5.0,1.0,20.0,255.00000000000003,8.0
66,2,18,-3.673940397442059e-15,-20.0,5.0,1.0,20.0,270.0,8.0
67,2,19,5.176380902050406,-19.31851652578137,5.0,1.0,20.0,285.0,8.0
68,2,20,10.000000000000002,-17.32050807568877,5.0,1.0,20.0,300.0,8.0
69,2,21,14.142135623730947,-14.142135623730955,5.0,1.0,20.0,315.0,8.0
70,2,22,17.320508075688767,-10.000000000000009,5.0,1.0,20.0,330.0,8.0
71,2,23,19.318516525781362,-5.176380902050432,5.0,1.0,20.0,344.99999999999994,8.0
72,3,0,20.0,0.0,7.5,1.0,20.0,0.0,12.0
73,3,1,19.318516525781366,5.176380902050415,7.5,1.0,20.0,14.999999999999998,12.0
74,3,2,17.320508075688775,9.999999999999998,7.5,1.0,20.0,29.999999999999996,12.0
75,3,3,14.142135623730951,14.14213562373095,7.5,1.0,20.0,45.0,12.0
76,3,4,10.000000000000002,17.32050807568877,7.5,1.0,20.0,59.99999999999999,12.0
77,3,5,5.176380902050415,19.318516525781366,7.5,1.0,20.0,75.0,12.0
78,3,6,1.2246467991473533e-15,20.0,7.5,1.0,20.0,90.0,12.0
79,3,7,-5.176380902050413,19.318516525781366,7.5,1.0,20.0,105.0,12.0
80,3,8,-9.999999999999996,17.320508075688775,7.5,1.0,20.0,119.99999999999999,12.0
81,3,9,-14.14213562373095,14.142135623730951,7.5,1.0,20.0,135.0,12.0
82,3,10,-17.320508075688775,9.999999999999998,7.5,1.0,20.0,150.0,12.0
83,3,11,-19.318516525781362,5.17638090205042,7.5,1.0,20.0,165.0,12.0
84,3,12,-20.0,2.4492935982947065e-15,7.5,1.0,20.0,180.0,12.0
85,3,13,-19.318516525781366,-5.176380902050416,7.5,1.0,20.0,195.0,12.0
86,3,14,-17.320508075688778,-9.999999999999995,7.5,1.0,20.0,210.0,12.0
87,3,15,-14.142135623730958,-14.142135623730942,7.5,1.0,20.0,224.99999999999997,12.0
88,3,16,-10.000000000000009,-17.320508075688767,7.5,1.0,20.0,239.99999999999997,12.0
89,3,17,-5.176380902050413,-19.318516525781366,7.5,1.0,20.0,255.00000000000003,12.0
90,3,18,-3.673940397442059e-15,-20.0,7.5,1.0,20.0,270.0,12.0
91,3,19,5.176380902050406,-19.31851652578137,7.5,1.0,20.0,285.0,12.0
92,3,20,10.000000000000002,-17.32050807568877,7.5,1.0,20.0,300.0,12.0
93,3,21,14.142135623730947,-14.142135623730955,7.5,1.0,20.0,315.0,12.0
94,3,22,17.320508075688767,-10.000000000000009,7.5,1.0,20.0,330.0,12.0
95,3,23,19.318516525781362,-5.176380902050432,7.5,1.0,20.0,344.99999999999994,12.0
96,4,0,20.0,0.0,10.0,1.0,20.0,0.0,16.0
97,4,1,19.318516525781366,5.176380902050415,10.0,1.0,20.0,14.999999999999998,16.0
98,4,2,17.320508075688775,9.999999999999998,10.0,1.0,20.0,29.999999999999996,16.0
99,4,3,14.142135623730951,14.14213562373095,10.0,1.0,20.0,45.0,16.0
100,4,4,10.000000000000002,17.32050807568877,10.0,1.0,20.0,59.99999999999999,16.0
101,4,5,5.176380902050415,19.318516525781366,10.0,1.0,20.0,75.0,16.0
102,4,6,1.2246467991473533e-15,20.0,10.0,1.0,20.0,90.0,16.0
103,4,7,-5.176380902050413,19.318516525781366,10.0,1.0,20.0,105.0,16.0
104,4,8,-9.999999999999996,17.320508075688775,10.0,1.0,20.0,119.99999999999999,16.0
105,4,9,-14.14213562373095,14.142135623730951,10.0,1.0,20.0,135.0,16.0
106,4,10,-17.320508075688775,9.999999999999998,10.0,1.0,20.0,150.0,16.0
107,4,11,-19.318516525781362,5.17638090205042,10.0,1.0,20.0,165.0,16.0
108,4,12,-20.0,2.4492935982947065e-15,10.0,1.0,20.0,180.0,16.0
109,4,13,-19.318516525781366,-5.176380902050416,10.0,1.0,20.0,195.0,16.0
110,4,14,-17.320508075688778,-9.999999999999995,10.0,1.0,20.0,210.0,16.0
111,4,15,-14.142135623730958,-14.142135623730942,10.0,1.0,20.0,224.99999999999997,16.0
112,4,16,-10.000000000000009,-17.320508075688767,10.0,1.0,20.0,239.99999999999997,16.0
113,4,17,-5.176380902050413,-19.318516525781366,10.0,1.0,20.0,255.00000000000003,16.0
114,4,18,-3.673940397442059e-15,-20.0,10.0,1.0,20.0,270.0,16.0
115,4,19,5.176380902050406,-19.31851652578137,10.0,1.0,20.0,285.0,16.0
116,4,20,10.000000000000002,-17.32050807568877,10.0,1.0,20.0,300.0,16.0
117,4,21,14.142135623730947,-14.142135623730955,10.0,1.0,20.0,315.0,16.0
118,4,22,17.320508075688767,-10.000000000000009,10.0,1.0,20.0,330.0,16.0
119,4,23,19.318516525781362,-5.176380902050432,10.0,1.0,20.0,344.99999999999994,16.0
120,5,0,20.0,0.0,12.5,1.0,20.0,0.0,20.0
121,5,1,19.318516525781366,5.176380902050415,12.5,1.0,20.0,14.999999999999998,20.0
122,5,2,17.320508075688775,9.999999999999998,12.5,1.0,20.0,29.999999999999996,20.0
123,5,3,14.142135623730951,14.14213562373095,12.5,1.0,20.0,45.0,20.0
124,5,4,10.000000000000002,17.32050807568877,12.5,1.0,20.0,59.99999999999999,20.0
125,5,5,5.176380902050415,19.318516525781366,12.5,1.0,20.0,75.0,20.0
126,5,6,1.2246467991473533e-15,20.0,12.5,1.0,20.0,90.0,20.0
127,5,7,-5.176380902050413,19.318516525781366,12.5,1.0,20.0,105.0,20.0
128,5,8,-9.999999999999996,17.320508075688775,12.5,1.0,20.0,119.99999999999999,20.0
129,5,9,-14.14213562373095,14.142135623730951,12.5,1.0,20.0,135.0,20.0
130,5,10,-17.320508075688775,9.999999999999998,12.5,1.0,20.0,150.0,20.0
131,5,11,-19.318516525781362,5.17638090205042,12.5,1.0,20.0,165.0,20.0
132,5,12,-20.0,2.4492935982947065e-15,12.5,1.0,20.0,180.0,20.0
133,5,13,-19.318516525781366,-5.176380902050416,12.5,1.0,20.0,195.0,20.0
134,5,14,-17.320508075688778,-9.999999999999995,12.5,1.0,20.0,210.0,20.0
135,5,15,-14.142135623730958,-14.142135623730942,12.5,1.0,20.0,224.99999999999997,20.0
136,5,16,-10.000000000000009,-17.320508075688767,12.5,1.0,20.0,239.99999999999997,20.0
137,5,17,-5.176380902050413,-19.318516525781366,12.5,1.0,20.0,255.00000000000003,20.0
138,5,18,-3.673940397442059e-15,-20.0,12.5,1.0,20.0,270.0,20.0
139,5,19,5.176380902050406,-19.31851652578137,12.5,1.0,20.0,285.0,20.0
140,5,20,10.000000000000002,-17.32050807568877,12.5,1.0,20.0,300.0,20.0
141,5,21,14.142135623730947,-14.142135623730955,12.5,1.0,20.0,315.0,20.0
142,5,22,17.320508075688767,-10.000000000000009,12.5,1.0,20.0,330.0,20.0
143,5,23,19.318516525781362,-5.176380902050432,12.5,1.0,20.0,344.99999999999994,20.0
144,6,0,20.0,0.0,15.0,1.0,20.0,0.0,24.0
145,6,1,19.318516525781366,5.176380902050415,15.0,1.0,20.0,14.999999999999998,24.0
146,6,2,17.320508075688775,9.999999999999998,15.0,1.0,20.0,29.999999999999996,24.0
147,6,3,14.142135623730951,14.14213562373095,15.0,1.0,20.0,45.0,24.0
148,6,4,10.000000000000002,17.32050807568877,15.0,1.0,20.0,59.99999999999999,24.0
149,6,5,5.176380902050415,19.318516525781366,15.0,1.0,20.0,75.0,24.0
150,6,6,1.2246467991473533e-15,20.0,15.0,1.0,20.0,90.0,24.0
151,6,7,-5.176380902050413,19.318516525781366,15.0,1.0,20.0,105.0,24.0
152,6,8,-9.999999999999996,17.320508075688775,15.0,1.0,20.0,119.99999999999999,24.0
153,6,9,-14.14213562373095,14.142135623730951,15.0,1.0,20.0,135.0,24.0
154,6,10,-17.320508075688775,9.999999999999998,15.0,1.0,20.0,150.0,24.0
155,6,11,-19.318516525781362,5.17638090205042,15.0,1.0,20.0,165.0,24.0
156,6,12,-20.0,2.4492935982947065e-15,15.0,1.0,20.0,180.0,24.0
157,6,13,-19.318516525781366,-5.176380902050416,15.0,1.0,20.0,195.0,24.0
158,6,14,-17.320508075688778,-9.999999999999995,15.0,1.0,20.0,210.0,24.0
159,6,15,-14.142135623730958,-14.142135623730942,15.0,1.0,20.0,224.99999999999997,24.0
160,6,16,-10.000000000000009,-17.320508075688767,15.0,1.0,20.0,239.99999999999997,24.0
161,6,17,-5.176380902050413,-19.318516525781366,15.0,1.0,20.0,255.00000000000003,24.0
162,6,18,-3.673940397442059e-15,-20.0,15.0,1.0,20.0,270.0,24.0
163,6,19,5.176380902050406,-19.31851652578137,15.0,1.0,20.0,285.0,24.0
164,6,20,10.000000000000002,-17.32050807568877,15.0,1.0,20.0,300.0,24.0
165,6,21,14.142135623730947,-14.142135623730955,15.0,1.0,20.0,315.0,24.0
166,6,22,17.320508075688767,-10.000000000000009,15.0,1.0,20.0,330.0,24.0
167,6,23,19.318516525781362,-5.176380902050432,15.0,1.0,20.0,344.99999999999994,24.0
168,7,0,20.0,0.0,17.5,1.0,20.0,0.0,28.0
169,7,1,19.318516525781366,5.176380902050415,17.5,1.0,20.0,14.999999999999998,28.0
170,7,2,17.320508075688775,9.999999999999998,17.5,1.0,20.0,29.999999999999996,28.0
171,7,3,14.142135623730951,14.14213562373095,17.5,1.0,20.0,45.0,28.0
172,7,4,10.000000000000002,17.32050807568877,17.5,1.0,20.0,59.99999999999999,28.0
173,7,5,5.176380902050415,19.318516525781366,17.5,1.0,20.0,75.0,28.0
174,7,6,1.2246467991473533e-15,20.0,17.5,1.0,20.0,90.0,28.0
175,7,7,-5.176380902050413,19.318516525781366,17.5,1.0,20.0,105.0,28.0
176,7,8,-9.999999999999996,17.320508075688775,17.5,1.0,20.0,119.99999999999999,28.0
177,7,9,-14.14213562373095,14.142135623730951,17.5,1.0,20.0,135.0,28.0
178,7,10,-17.320508075688775,9.999999999999998,17.5,1.0,20.0,150.0,28.0
179,7,11,-19.318516525781362,5.17638090205042,17.5,1.0,20.0,165.0,28.0
180,7,12,-20.0,2.4492935982947065e-15,17.5,1.0,20.0,180.0,28.0
181,7,13,-19.318516525781366,-5.176380902050416,17.5,1.0,20.0,195.0,28.0
182,7,14,-17.320508075688778,-9.999999999999995,17.5,1.0,20.0,210.0,28.0
183,7,15,-14.142135623730958,-14.142135623730942,17.5,1.0,20.0,224.99999999999997,28.0
184,7,16,-10.000000000000009,-17.320508075688767,17.5,1.0,20.0,239.99999999999997,28.0
185,7,17,-5.176380902050413,-19.318516525781366,17.5,1.0,20.0,255.00000000000003,28.0
186,7,18,-3.673940397442059e-15,-20.0,17.5,1.0,20.0,270.0,28.0
187,7,19,5.176380902050406,-19.31851652578137,17.5,1.0,20.0,285.0,28.0
188,7,20,10.000000000000002,-17.32050807568877,17.5,1.0,20.0,300.0,28.0
189,7,21,14.142135623730947,-14.142135623730955,17.5,1.0,20.0,315.0,28.0
190,7,22,17.320508075688767,-10.000000000000009,17.5,1.0,20.0,330.0,28.0
191,7,23,19.318516525781362,-5.176380902050432,17.5,1.0,20.0,344.99999999999994,28.0
192,8,0,20.0,0.0,20.0,1.0,20.0,0.0,32.0
193,8,1,19.318516525781366,5.176380902050415,20.0,1.0,20.0,14.999999999999998,32.0
194,8,2,17.320508075688775,9.999999999999998,20.0,1.0,20.0,29.999999999999996,32.0
195,8,3,14.142135623730951,14.14213562373095,20.0,1.0,20.0,45.0,32.0
196,8,4,10.000000000000002,17.32050807568877,20.0,1.0,20.0,59.99999999999999,32.0
197,8,5,5.176380902050415,19.318516525781366,20.0,1.0,20.0,75.0,32.0
198,8,6,1.2246467991473533e-15,20.0,20.0,1.0,20.0,90.0,32.0
199,8,7,-5.176380902050413,19.318516525781366,20.0,1.0,20.0,105.0,32.0
200,8,8,-9.999999999999996,17.320508075688775,20.0,1.0,20.0,119.99999999999999,32.0
201,8,9,-14.14213562373095,14.142135623730951,20.0,1.0,20.0,135.0,32.0
202,8,10,-17.320508075688775,9.999999999999998,20.0,1.0,20.0,150.0,32.0
203,8,11,-19.318516525781362,5.17638090205042,20.0,1.0,20.0,165.0,32.0
204,8,12,-20.0,2.4492935982947065e-15,20.0,1.0,20.0,180.0,32.0
205,8,13,-19.318516525781366,-5.176380902050416,20.0,1.0,20.0,195.0,32.0
206,8,14,-17.320508075688778,-9.999999999999995,20.0,1.0,20.0,210.0,32.0
207,8,15,-14.142135623730958,-14.142135623730942,20.0,1.0,20.0,224.99999999999997,32.0
208,8,16,-10.000000000000009,-17.320508075688767,20.0,1.0,20.0,239.99999999999997,32.0
209,8,17,-5.176380902050413,-19.318516525781366,20.0,1.0,20.0,255.00000000000003,32.0
210,8,18,-3.673940397442059e-15,-20.0,20.0,1.0,20.0,270.0,32.0
211,8,19,5.176380902050406,-19.31851652578137,20.0,1.0,20.0,285.0,32.0
212,8,20,10.000000000000002,-17.32050807568877,20.0,1.0,20.0,300.0,32.0
213,8,21,14.142135623730947,-14.142135623730955,20.0,1.0,20.0,315.0,32.0
214,8,22,17.320508075688767,-10.000000000000009,20.0,1.0,20.0,330.0,32.0
215,8,23,19.318516525781362,-5.176380902050432,20.0,1.0,20.0,344.99999999999994,32.0
216,9,0,20.0,0.0,22.5,1.0,20.0,0.0,36.0
217,9,1,19.318516525781366,5.176380902050415,22.5,1.0,20.0,14.999999999999998,36.0
218,9,2,17.320508075688775,9.999999999999998,22.5,1.0,20.0,29.999999999999996,36.0
219,9,3,14.142135623730951,14.14213562373095,22.5,1.0,20.0,45.0,36.0
220,9,4,10.000000000000002,17.32050807568877,22.5,1.0,20.0,59.99999999999999,36.0
221,9,5,5.176380902050415,19.318516525781366,22.5,1.0,20.0,75.0,36.0
222,9,6,1.2246467991473533e-15,20.0,22.5,1.0,20.0,90.0,36.0
223,9,7,-5.176380902050413,19.318516525781366,22.5,1.0,20.0,105.0,36.0
224,9,8,-9.999999999999996,17.320508075688775,22.5,1.0,20.0,119.99999999999999,36.0
225,9,9,-14.14213562373095,14.142135623730951,22.5,1.0,20.0,135.0,36.0
226,9,10,-17.320508075688775,9.999999999999998,22.5,1.0,20.0,150.0,36.0
227,9,11,-19.318516525781362,5.17638090205042,22.5,1.0,20.0,165.0,36.0
228,9,12,-20.0,2.4492935982947065e-15,22.5,1.0,20.0,180.0,36.0
229,9,13,-19.318516525781366,-5.176380902050416,22.5,1.0,20.0,195.0,36.0
230,9,14,-17.320508075688778,-9.999999999999995,22.5,1.0,20.0,210.0,36.0
231,9,15,-14.142135623730958,-14.142135623730942,22.5,1.0,20.0,224.99999999999997,36.0
232,9,16,-10.000000000000009,-17.320508075688767,22.5,1.0,20.0,239.99999999999997,36.0
233,9,17,-5.176380902050413,-19.318516525781366,22.5,1.0,20.0,255.00000000000003,36.0
234,9,18,-3.673940397442059e-15,-20.0,22.5,1.0,20.0,270.0,36.0
235,9,19,5.176380902050406,-19.31851652578137,22.5,1.0,20.0,285.0,36.0
236,9,20,10.000000000000002,-17.32050807568877,22.5,1.0,20.0,300.0,36.0
237,9,21,14.142135623730947,-14.142135623730955,22.5,1.0,20.0,315.0,36.0
238,9,22,17.320508075688767,-10.000000000000009,22.5,1.0,20.0,330.0,36.0
239,9,23,19.318516525781362,-5.176380902050432,22.5,1.0,20.0,344.99999999999994,36.0
240,10,0,20.0,0.0,25.0,1.0,20.0,0.0,40.0
241,10,1,19.318516525781366,5.176380902050415,25.0,1.0,20.0,14.999999999999998,40.0
242,10,2,17.320508075688775,9.999999999999998,25.0,1.0,20.0,29.999999999999996,40.0
243,10,3,14.142135623730951,14.14213562373095,25.0,1.0,20.0,45.0,40.0
244,10,4,10.000000000000002,17.32050807568877,25.0,1.0,20.0,59.99999999999999,40.0
245,10,5,5.176380902050415,19.318516525781366,25.0,1.0,20.0,75.0,40.0
246,10,6,1.2246467991473533e-15,20.0,25.0,1.0,20.0,90.0,40.0
247,10,7,-5.176380902050413,19.318516525781366,25.0,1.0,20.0,105.0,40.0
248,10,8,-9.999999999999996,17.320508075688775,25.0,1.0,20.0,119.99999999999999,40.0
249,10,9,-14.14213562373095,14.142135623730951,25.0,1.0,20.0,135.0,40.0
250,10,10,-17.320508075688775,9.999999999999998,25.0,1.0,20.0,150.0,40.0
251,10,11,-19.318516525781362,5.17638090205042,25.0,1.0,20.0,165.0,40.0
252,10,12,-20.0,2.4492935982947065e-15,25.0,1.0,20.0,180.0,40.0
253,10,13,-19.318516525781366,-5.176380902050416,25.0,1.0,20.0,195.0,40.0
254,10,14,-17.320508075688778,-9.999999999999995,25.0,1.0,20.0,210.0,40.0
255,10,15,-14.142135623730958,-14.142135623730942,25.0,1.0,20.0,224.99999999999997,40.0
256,10,16,-10.000000000000009,-17.320508075688767,25.0,1.0,20.0,239.99999999999997,40.0
257,10,17,-5.176380902050413,-19.318516525781366,25.0,1.0,20.0,255.00000000000003,40.0
258,10,18,-3.673940397442059e-15,-20.0,25.0,1.0,20.0,270.0,40.0
259,10,19,5.176380902050406,-19.31851652578137,25.0,1.0,20.0,285.0,40.0
260,10,20,10.000000000000002,-17.32050807568877,25.0,1.0,20.0,300.0,40.0
261,10,21,14.142135623730947,-14.142135623730955,25.0,1.0,20.0,315.0,40.0
262,10,22,17.320508075688767,-10.000000000000009,25.0,1.0,20.0,330.0,40.0
263,10,23,19.318516525781362,-5.176380902050432,25.0,1.0,20.0,344.99999999999994,40.0
