ray_id,x,y,z,pixel_x,pixel_y,inside_detector,energy_kev,initial_intensity,final_intensity,transmission,total_path_length,total_optical_depth
0,-4.0,0.0,15.0,19,32,True,60.0,1.0,1.0,1.0,0.0,0.0
1,-3.0,0.0,15.0,22,32,True,60.0,1.0,1.0,1.0,0.0,0.0
2,-2.0,0.0,15.0,25,32,True,60.0,1.0,0.5112889476777818,0.5112889476777818,4.47213595499958,0.6708203932499369
3,-1.0,0.0,15.0,28,32,True,60.0,1.0,0.4280444911902349,0.4280444911902349,5.65685424949238,0.8485281374238569
4,0.0,0.0,15.0,32,32,True,60.0,1.0,0.40656965974059917,0.40656965974059917,6.0,0.8999999999999999
5,1.0,0.0,15.0,35,32,True,60.0,1.0,0.4280444911902349,0.4280444911902349,5.65685424949238,0.8485281374238569
6,2.0,0.0,15.0,38,32,True,60.0,1.0,0.5112889476777818,0.5112889476777818,4.47213595499958,0.6708203932499369
7,3.0,0.0,15.0,41,32,True,60.0,1.0,1.0,1.0,0.0,0.0
8,4.0,0.0,15.0,44,32,True,60.0,1.0,1.0,1.0,0.0,0.0
